user_id,publication_count
OpenMinded,20
thenonsense,70
stasvetokhin,1
EvgenyZinovyev,5
amarao,100
danil_12345,3
ReaM,3
Vzhik,1
nastasya,1
LiudmilaMakarovaNNGU,15
sergres,1
DrArgentum,53
monobogdan,100
datahub,2
anovichkov,4
timeweb_game,2
ecurep,7
DepthSight,2
Ak_Koks,1
Laborant_Code,6
Meklon,60
lagudal,2
Budda40,100
kaichou,5
mukhanovp,1
mmmc,5
DigitalPsychiatry,12
SergeyFirst,2
AkhIgor,1
makaroni4,4
ite,6
Milfgard,100
MaGIc2laNTern,0
DejmosSm,2
nin-jin,54
kruglikle,3
Vladislav_Podobed,4
cat-begemot,1
sansan57,1
DimPal,1
true_engineering,100
motrni,7
daytriftnewgen,1
Prakopyeva,3
biscup,1
dmitrifriend,182
akozhin,2
Rutboy,8
Albert_Wesker,86
Dyadya_Vasya0,1
Jeditobe,101
frii_fond,90
Ata_Akhunzhanov,4
Igor_Le,100
sulqadari,2
GoldSerg,7
lordtao,13
Mairon,100
N3VERZzz,5
Alex_in_python,3
soulburner,68
NiceBeaver,1
aio350,101
jeston,200
Clevertec_dev,24
kostos,11
okoloboga,3
morett1m,22
ko22009,10
cognitronn,199
itinvest,0
HotWaterMusic,100
sir-off,1
kulhaker478,5
devzona,50
PapaBubaDiop,90
Andrei_Barintcev,2
VadimLjovkin,3
yaPetrovich,1
opensophy,3
klimensky,102
Vitaly1024,5
Rombneromb,39
Indigos38,4
1cloud,100
1eon,1
Tmark,2
DRoman0v,100
ilusha_sergeevich,104
annazaria,7
Fpuzix,1
vladislav_lukashenko,16
Aigul_Shadrina,33
Alexey_Begin,5
Shirixae,100
RoboForm,102
Wonderlove,45
MSmusic9,1
Anasstasiys,1
Systems_Engineer,9
vozov,7
Clickru,184
Weilard,23
sergbe,69
EgorKotkin,108
OlgaDS,12
ENGIN33RRR,7
Johnny_Depp,7
Hoorsh,3
Yurbaner,1
snakers4,80
mozzalerra,1
MisterClever,121
i_am_chasing_the_clouds,4
pg_expecto,26
AlexandreFrolov,13
makovich,15
lil_master,21
yakvenalex,78
sashaeve,100
alex0x08,81
denis-19,200
ssshhhuuurrr,11
neevin,2
Mitochondria,5
foxsoft2005,2
marks,200
valisak,45
vlfedotov,3
Hanamime,100
blognaumen,46
root85,7
Tat_Geltek290,2
AlexPershin,7
kliment_ceo,1
tangro,100
Neraverin,10
AlexeySushkov,19
JackKatch,1
obscuratrace34,8
Ivan_Yakovlev_G,2
uzumeti,29
parusimore,3
Tiberius,78
tuzhms,2
SvetBolgova,40
Anafema,2
rip_m,32
beget_com,37
adlayers,5
MangoOffice,22
Mishochegg,1
ownhrd,7
alexlash,86
chernikov,24
0serg,16
GenkaOk,6
grisha9,15
Boomburum,101
MrRjxrby,118
Niuh,3
Ivanich-spb,2
omyhosts,171
koptelovak,17
eevg,3
anton,37
sokolovps,144
Ekaterina_Popova,7
ulechka,22
gorl,13
Kudinoff_as,3
Tuturutuw,5
BincomAD,13
Kaspersky_Lab,105
R3EQ,36
Phoenix133,3
SovcomTech,12
dmitrykabanov,101
MishIvan,2
Gene5320,1
Stochastic_Oracle01,1
JustRamil,0
Sank0k69,5
zvezdochiot,8
morzhabyss,1
Niyaz22,3
alizar,200
denonlink,0
ArturGukasov,3
Andrey2008,102
Architect_01,3
beeline_cloud,116
BabayMazay,86
sinist3r,4
MalblshProgrammist,1
DVZakusilo,10
rakhanau,13
Xcom-shop,101
Dhwtj,14
ePGfree,11
rsashka,121
DiamondArtem,1
setaniel,3
OldfagGamer,104
Wladradchenko,17
bashkirtsevich,6
Red_Atom,4
gennadybanin,3
UnknownDoomer,59
ekatarios,4
myshkin_does_it,1
BarsMonster,101
lipskiy,4
Danil_ka88,5
comerc,81
Iluy,2
Ariman,25
3draven,18
letsweb,32
zag2art,53
A_Gryatskikh,5
Akr0n,38
cupraer,51
aymericzip,9
crims0n_ru,2
Erwinmal,100
Cord,100
tac,44
Product_Analyst,6
Alex-sulimov,4
Fcore,2
Daynine,4
aokoroko,17
ko_ya,128
Leonardoo,1
Affdey,8
DIMOSUS,9
neomasterx,1
SantrY,68
TheTremblingDoe,1
easimonenko,24
AleksandraUvarova,10
kirball,1
DedaVova,23
Rumlin,0
kalinnikov,2
sergey2212,5
Akudlay_ru,2
EvgMich,1
OlegSivchenko,100
peta0982,1
Zevaka,46
gesserwy,1
pel_mrk,1
vdudouyt,1
aipanda_ceo,5
nons,8
proDream,33
interpres,45
FlashBurn,5
PhoenixLi,32
epavlovich29,6
ushanov90,1
AnnLuciole,1
mikhailsudakov,7
DimDimDimDimDim,62
vital_pavlenko,41
Alrighty,1
krylosov-aa,2
Karbysheva,22
Stepan_Burmistrov,9
hr_truck,1
ptsecurity,200
pepelsbey,79
jobi8,2
Bright_Translate,175
lidia_zakharova,2
Kilor,100
Ninako,6
nejava,6
ShapitoS999,6
MINDINMAP,3
Antorix,41
ha7y,13
wilelf,96
VedgeKonn,2
tgx,4
Daniil_Gusev,1
vitalyswipe,5
BasmanovDaniil,23
enamored_poc,64
cnet,46
maxgammer,34
antonsobolev,13
a43mx,4
Tenqz,4
kirya522,2
ChislitelLab,28
Firemoon,90
adil21,3
runaway_llm,119
anastasia_galina,3
akdengi,130
evilUnion,4
AlexeyNadezhin,101
ValdikSS,101
Lunathecat,100
dmitriy_simakov,1
dmiche,3
supremum76,1
Irina_Ua,100
Ekaterina_Z93,2
Anastasiya_Shurkaeva,10
EvgMat,1
Coderr,6
Dzhagaev,4
ysirotenko,10
salannl,1
Technokisa,6
madballer34,52
nicelight_nsk,1
lany,0
avovana7,19
Am0k-HABR,1
grokru,100
jamm1985,5
CTSG,14
globin_write,1
expexperience,1
kracko23,6
Lord_of_Rings,43
net0pyr,7
myoffice_ru,117
mickommic,1
dmandreev,100
lws0954,50
malkovsky,17
sabinasim,2
spmbt,100
Niketas,19
VZubkov,1
almageir,1
crh,1
Daria-dd,3
vvzvlad,99
saippuakauppias,2
Digit-march,7
Sivchenko_translate,100
Terrapard,2
koshak,0
alexzfort,100
shimapa23,32
dm_ptmkn,8
SergioShpadi,57
Pandos,0
ProgerXP,9
zachfadeev,1
nikitadizer,1
Vasjen,17
Ekaterina-ya,2
Exlt8,15
VolkovsaVSA,1
3sSTheWriter,3
MKMatriX,3
Yulia_Kulkova,2
LukaSafonov,112
Captcha,100
Vladimir_Rapava,11
Sergey1Lokhanov,6
hackcareer,2
Shpankov,100
makushevski,2
Gansterito,5
ClusterM,23
orefkov,3
Alexless,1
shiru8bit,71
Beeline_tech,82
ID120,17
Sterhel,100
sergeytolkachyov,98
mr-pickles,100
multifinger,3
Renewal_Studio,18
HappyTalkie,10
AkinshinaA,5
d_bulashev,1
TilekSamiev,111
ppc_na_divane,2
SKaminskij,2
azproduction,60
andorro,0
Grishandin,1
GeorgyKurakin,7
Suvitruf,102
ID_Daemon,55
rusinvest,3
Finam_Broker,118
Sergey_Perevozchikov,11
shadowphoenix,1
SrvTrantor,34
Maslennikovig,10
koloskovv,33
makurea,9
heim-dallr,14
unlimgroup,5
rb_astana,5
CyberexTech,33
strannik96,13
zzeng,47
Reistline,2
dudukalo,13
youngWishes,3
Fintank-ru,3
MainNika,1
HeHya4o,1
GodAdministrator,3
Dalee_group,5
MidavNibush,6
anotherMelnikov,2
yooteam,57
GlukKazan,100
AI_Foxmaster,8
Yason_DA,2
WarAngel_alk,5
alex7six,3
Devenir-Glorieux,4
i360u,23
SamDark,101
DbLogs,11
Sergik776,1
StelmakhDigital,1
pgkirich,5
vsviridov,20
bull1251,6
DTGP,4
Maria_Olozabal,1
mesh_up,3
Vladimir-93,1
Mikhail_Khludnev,4
bitrix24,55
FeLkan,5
jidckii,8
sebres,30
Dmitry_Isanin,1
apbolshakova,2
sound_right,41
aleontyev,1
ovchinnikovproger,31
avetissian,10
olegka_medovikov,2
academicmaslow,10
Professor_Nimnul,1
Maslukhin,100
GFIce,4
madbrains,22
gregyku,138
inradezka,2
goduni,1
GeeksCat,114
kubelet,66
Ximmby,1
Nasloy,1
rstrekalovsky,1
RiddleRider,27
Antipozitive,1
aabzel,100
vfrolov,20
danolivo,15
Apps4All_post,100
BeLove,59
Adler3D,8
Zelenyikot,100
sudondie,2
Spetros,4
AlexLask,1
AnLushch,3
DAN_SEA,100
ultra_vds,41
stnslvtrfnv,1
maslievilya1,1
Karmaweb,1
akibkalo,28
melnik909,71
kazanchevaja,2
rpc1,1
mefdayy,109
Dmitrii43,100
ClockEnable,3
TrexSelectel,71
deliri,1
dufrein2013,2
r00taccess,2
vitaliytomko,1
LilouX,20
AntonPudikov,3
slonik_pg,22
antipov_dmitry,39
flaton,27
DSDenisov,3
alconost,109
IBS_habrablog,92
IgorSh63,4
KlaudV,1
samako,11
ideavi,3
pronskiy,100
dubrovinru,27
Sterpa,24
onlyahead,42
freetonik,100
MuonKvark,9
BosonBeard,78
easy_john,15
Eco_coder,14
Sabbah,5
mahairod,14
davidaganov,3
alitenicole,75
lunnemone,4
skovalev,61
muxa_ru,39
vaiti_media,32
it-infinite,1
m_bessarab,3
Puzer,1
Newbilius,55
EmurashinDanil,2
gmikhail94,4
NKBogdanov,1
MI1CTEP,2
bestfriend,4
PereslavlFoto,27
SergioHelloWorld,4
Tirarex,25
wmlab,6
ggsel,131
Cordekk,8
andrey_data_arch,1
Sertaran,10
andre_dataist,111
Kesha_S,9
stepanovdandcorpinfosys,46
Artem_Lykov,3
dombran,7
Ydav359,3
MarinaArut,1
Temych,49
ProgerMan,8
RiseToday,23
alexandernikitin,1
free_kedr,8
la__vita__felice,14
sad__sabrina,14
AcronyMoM,1
it_man,100
SLY_G,200
discoverer-official,10
Michael_72,28
timonin,44
MTorn,10
alexbik,13
AndrewPeuny,1
redlse,2
Yellastro2,3
ZvoogHub,6
Dataist,28
amirul,7
Vensus,3
kosyakus,15
czkwski,1
Drew003,4
polym0rph,11
BaryshevRS,6
Jaldsky,1
ragequit,200
zh_abduhalilov,1
pink0D,4
4everScience,7
Vlad_pan,3
BubaVV,32
just_ai,51
StuPenguin,1
Yasha_Finkelberg,2
Montirey,3
yanabellka,3
remindscope,3
zhovner,79
chelovekkakvse,3
Diana_shigaeva,3
webself,57
garfik,1
axe_chita,21
Reptiling,1
godlikebasic,2
progchip666,65
Berektassuly,2
akazant,7
leleleonid,3
Zalina,68
Bot_Pany,1
Mithgol,100
asomegoodboy,8
borush,6
Akon32,1
CodWiz,2
REPLAY_5,3
esetnod32,100
realovich,17
MKreGGo,6
xoxol_89,18
VASExperts,100
echo0x00,6
in6lack,2
dportnov75,1
Idilara25,23
f10rdy,1
alingrishko,1
pluzanov,28
DukeArchitect,13
stas_makarov,75
glider_skobb,11
Ostrovok,17
maxim_tsar,46
vkni,7
apcsb,32
aleksandrit,100
badcasedaily1,100
youscriptor,8
OlegIct,29
shifttstas,101
sphinks,12
DragonFire,1
SergoSht,3
asiventsev,3
EvieLynn,16
AKlimenkov,100
MAT-POC,1
semen_grinshtein,200
alina_kiz,11
victor_shev89,5
maximvasilievmaxim,2
pol-metra1,1
Big_person,8
DimaDimbo,1
PIK-Digital,35
ArtemVarkulevich,7
python_leader,181
knikonov,1
Flammmable,37
driverx18,31
MDyuzhev,2
lis355,7
Cloud4Y,200
denoiselab,2
ru_vds,200
shuvaevgl,92
Aleron75,42
Darina_PL,95
CreatorLAB,3
artyomsoft,22
noobaitranslator,20
legrus,2
ProstoKirReal,20
icover,100
MaFrance351,100
markowskii,2
DevRoad,10
Kpyto,79
Nickmob,29
Maxilect,100
vodimitriy,3
GIGAIDECommunity,3
vagamagajaga,2
Serick,33
forgotten,100
frekenbok,106
ushim,0
Pumppeedd,15
Vitaliy_Chesnokov,53
TraPhro,46
dtkdtk,1
geoandreev,4
Bifurcated,1
dronnix,1
PyLounge,24
kfedorov,9
Rumdjrum,1
Faux_x_x,15
maksimov_m,9
kichik,100
Dmitry21,58
tw0face,102
balayur,1
demitryy,4
XaocCPS,100
Data_Lab,5
sciu,2
tri_tuza_v_karmane,5
eavprog,10
ractangle,2
saul,100
zarazaexe,4
GalsSoftware,68
Atxmega,4
IndieDap,1
garbuzenko,1
rpiontik,26
sgordey,5
Extender777,2
G0rDi,5
avshkol,45
lol_wat,100
PatientZero,107
butivskiydm,71
Sm1GhT,1
kbones,8
habrahabr,58
xyli0o,19
kamushken,64
Dmitrii_DAK,12
slava_rumin,100
Viktoria_Rein,4
master-denn,1
science_boy,2
dreammaster19,1
ldanmer,12
RockyMotion,11
XMAKE,2
pand,22
salium,4
Diana_Geltek1,1
celen,15
kiselevd,54
imperituroard,6
nossao,6
Lastman,11
gliderman,10
Mirantus,8
Jorixxx,7
abbasov-alexander,26
ph0quuee,1
lapinsa42,3
toly,5
gen1lee,5
VladXOfficial,1
Dinara91,20
AdyEvteev,1
risc32,1
DanLin,2
dfreev,3
Hawkeye889,21
leshoi,9
Analyst_Marathon,5
yadro_team,108
Ocelot,34
PaskalEnotov,61
egnodus,18
jsirex,1
cigulev,100
Cartmendum,6
Devix,0
Snaret,2
PrincePercia,1
Alena_Les,5
ALT0105,12
anselvo,2
ivansychev,200
naslou1,22
Guren302,55
master_program,101
Mixail_Soluyanov,4
atomlib,200
rRenegat,6
radiolok,28
anton_dolganin,3
Egstein,1
pravosleva,2
alan008,27
intekey_ceo,11
eucariot,100
k0mar0v,100
techno_mot,58
itGuevara,23
avtopolet,7
itcaat,16
Lshnls,3
IvanGolovach,20
BizDev,29
WhatIsGTO,1
MagisterLudi,102
FirstJohn,117
Kishuomi,2
linabesson,9
Oksana_Nedvigina,183
nicolausYes,2
clubadm,22
FilegiverCom,0
AlexMatveev,2
ph_piter,105
RED_SOFT,30
lozga,100
ochkanov,13
Anrol,1
projectgeek,10
rapiq,9
sevocrear,1
kcalgo,4
kaufmanendy,29
IrinaInina,13
sergei_ai,1
El_Gato_Grande,74
Emelian,12
Arduinum,3
Pe3oHaHc,2
ilya42,0
DenisKalyshkin,1
naumtsevalex,7
StShadow,2
developer_22,3
misterzsm,4
flancer,101
RSATom,7
EDUtechie,1
WolfffR,9
TomHunter,102
pilot_artem,10
tarzan82,4
yanzar,6
a_rocky,1
gmtd,54
dikobra4,3
livingry,4
kapas19,10
Shortki,3
s_astapov,3
Kamil_GR,58
dalerank,100
RationalAnswer,100
Reeze,0
kreosan,6
koanse,37
timsoid,101
tarlakovsky,87
AppCrafter,8
Luca324,1
Dmitriila,1
nanocad,200
kmoseenk,105
MrEx3cut0r,5
gresserg,1
empenoso,102
negrbluad,17
hauptling,1
XakepRU,65
Neurosonya,13
BiktorSergeev,100
OsipovRoman,100
SimpleOne_it,56
