user_id,publication_count,rank
jeston,200,1
denis-19,200,2
marks,200,3
alizar,200,4
ptsecurity,200,5
SLY_G,200,6
ragequit,200,7
semen_grinshtein,200,8
Cloud4Y,200,9
ru_vds,200,10
ivansychev,200,11
atomlib,200,12
nanocad,200,13
cognitronn,199,14
Clickru,184,15
Oksana_Nedvigina,183,16
dmitrifriend,182,17
python_leader,181,18
Bright_Translate,175,19
omyhosts,171,20
sokolovps,144,21
gregyku,138,22
ggsel,131,23
akdengi,130,24
ko_ya,128,25
MisterClever,121,26
rsashka,121,27
runaway_llm,119,28
MrRjxrby,118,29
Finam_Broker,118,30
myoffice_ru,117,31
FirstJohn,117,32
beeline_cloud,116,33
GeeksCat,114,34
LukaSafonov,112,35
TilekSamiev,111,36
andre_dataist,111,37
mefdayy,109,38
alconost,109,39
EgorKotkin,108,40
yadro_team,108,41
PatientZero,107,42
frekenbok,106,43
Kaspersky_Lab,105,44
ph_piter,105,45
kmoseenk,105,46
ilusha_sergeevich,104,47
OldfagGamer,104,48
klimensky,102,49
RoboForm,102,50
Andrey2008,102,51
Suvitruf,102,52
tw0face,102,53
MagisterLudi,102,54
TomHunter,102,55
empenoso,102,56
Jeditobe,101,57
aio350,101,58
Boomburum,101,59
dmitrykabanov,101,60
Xcom-shop,101,61
BarsMonster,101,62
AlexeyNadezhin,101,63
ValdikSS,101,64
SamDark,101,65
shifttstas,101,66
master_program,101,67
flancer,101,68
timsoid,101,69
amarao,100,70
monobogdan,100,71
Budda40,100,72
Milfgard,100,73
true_engineering,100,74
Igor_Le,100,75
Mairon,100,76
HotWaterMusic,100,77
1cloud,100,78
DRoman0v,100,79
Shirixae,100,80
sashaeve,100,81
Hanamime,100,82
tangro,100,83
Erwinmal,100,84
Cord,100,85
OlegSivchenko,100,86
Kilor,100,87
Lunathecat,100,88
Irina_Ua,100,89
grokru,100,90
dmandreev,100,91
spmbt,100,92
Sivchenko_translate,100,93
alexzfort,100,94
Captcha,100,95
Shpankov,100,96
Sterhel,100,97
mr-pickles,100,98
GlukKazan,100,99
Maslukhin,100,100
aabzel,100,101
Apps4All_post,100,102
Zelenyikot,100,103
DAN_SEA,100,104
Dmitrii43,100,105
pronskiy,100,106
freetonik,100,107
it_man,100,108
Mithgol,100,109
esetnod32,100,110
VASExperts,100,111
aleksandrit,100,112
badcasedaily1,100,113
AKlimenkov,100,114
icover,100,115
MaFrance351,100,116
Maxilect,100,117
forgotten,100,118
kichik,100,119
XaocCPS,100,120
saul,100,121
lol_wat,100,122
slava_rumin,100,123
cigulev,100,124
eucariot,100,125
k0mar0v,100,126
lozga,100,127
dalerank,100,128
RationalAnswer,100,129
BiktorSergeev,100,130
OsipovRoman,100,131
vvzvlad,99,132
sergeytolkachyov,98,133
wilelf,96,134
Darina_PL,95,135
IBS_habrablog,92,136
shuvaevgl,92,137
frii_fond,90,138
PapaBubaDiop,90,139
Firemoon,90,140
tarlakovsky,87,141
Albert_Wesker,86,142
alexlash,86,143
BabayMazay,86,144
Beeline_tech,82,145
alex0x08,81,146
comerc,81,147
snakers4,80,148
pepelsbey,79,149
zhovner,79,150
Kpyto,79,151
yakvenalex,78,152
Tiberius,78,153
BosonBeard,78,154
alitenicole,75,155
stas_makarov,75,156
El_Gato_Grande,74,157
shiru8bit,71,158
melnik909,71,159
TrexSelectel,71,160
butivskiydm,71,161
thenonsense,70,162
sergbe,69,163
soulburner,68,164
SantrY,68,165
Zalina,68,166
GalsSoftware,68,167
kubelet,66,168
progchip666,65,169
XakepRU,65,170
enamored_poc,64,171
kamushken,64,172
DimDimDimDimDim,62,173
skovalev,61,174
PaskalEnotov,61,175
Meklon,60,176
azproduction,60,177
UnknownDoomer,59,178
BeLove,59,179
Dmitry21,58,180
habrahabr,58,181
techno_mot,58,182
Kamil_GR,58,183
SergioShpadi,57,184
yooteam,57,185
webself,57,186
SimpleOne_it,56,187
ID_Daemon,55,188
bitrix24,55,189
Newbilius,55,190
Guren302,55,191
nin-jin,54,192
kiselevd,54,193
gmtd,54,194
DrArgentum,53,195
zag2art,53,196
Vitaliy_Chesnokov,53,197
madballer34,52,198
cupraer,51,199
just_ai,51,200
devzona,50,201
lws0954,50,202
Temych,49,203
zzeng,47,204
blognaumen,46,205
Zevaka,46,206
cnet,46,207
stepanovdandcorpinfosys,46,208
maxim_tsar,46,209
TraPhro,46,210
Wonderlove,45,211
valisak,45,212
interpres,45,213
avshkol,45,214
tac,44,215
timonin,44,216
Lord_of_Rings,43,217
onlyahead,42,218
Aleron75,42,219
vital_pavlenko,41,220
Antorix,41,221
sound_right,41,222
ultra_vds,41,223
SvetBolgova,40,224
Rombneromb,39,225
antipov_dmitry,39,226
muxa_ru,39,227
Akr0n,38,228
beget_com,37,229
anton,37,230
Flammmable,37,231
koanse,37,232
R3EQ,36,233
PIK-Digital,35,234
maxgammer,34,235
SrvTrantor,34,236
Ocelot,34,237
Aigul_Shadrina,33,238
proDream,33,239
koloskovv,33,240
CyberexTech,33,241
Serick,33,242
rip_m,32,243
letsweb,32,244
PhoenixLi,32,245
shimapa23,32,246
vaiti_media,32,247
BubaVV,32,248
apcsb,32,249
ovchinnikovproger,31,250
driverx18,31,251
sebres,30,252
RED_SOFT,30,253
uzumeti,29,254
OlegIct,29,255
Nickmob,29,256
BizDev,29,257
kaufmanendy,29,258
ChislitelLab,28,259
akibkalo,28,260
Michael_72,28,261
Dataist,28,262
pluzanov,28,263
radiolok,28,264
RiddleRider,27,265
flaton,27,266
dubrovinru,27,267
PereslavlFoto,27,268
alan008,27,269
pg_expecto,26,270
rpiontik,26,271
abbasov-alexander,26,272
Ariman,25,273
Tirarex,25,274
Clevertec_dev,24,275
chernikov,24,276
easimonenko,24,277
Sterpa,24,278
PyLounge,24,279
Weilard,23,280
DedaVova,23,281
BasmanovDaniil,23,282
ClusterM,23,283
i360u,23,284
RiseToday,23,285
Idilara25,23,286
itGuevara,23,287
morett1m,22,288
MangoOffice,22,289
ulechka,22,290
Karbysheva,22,291
madbrains,22,292
slonik_pg,22,293
artyomsoft,22,294
pand,22,295
naslou1,22,296
clubadm,22,297
lil_master,21,298
axe_chita,21,299
Hawkeye889,21,300
OpenMinded,20,301
vsviridov,20,302
vfrolov,20,303
LilouX,20,304
noobaitranslator,20,305
ProstoKirReal,20,306
Dinara91,20,307
IvanGolovach,20,308
AlexeySushkov,19,309
avovana7,19,310
Niketas,19,311
xyli0o,19,312
3draven,18,313
Renewal_Studio,18,314
xoxol_89,18,315
egnodus,18,316
koptelovak,17,317
Wladradchenko,17,318
aokoroko,17,319
malkovsky,17,320
Vasjen,17,321
ID120,17,322
realovich,17,323
Ostrovok,17,324
negrbluad,17,325
vladislav_lukashenko,16,326
0serg,16,327
EvieLynn,16,328
itcaat,16,329
LiudmilaMakarovaNNGU,15,330
makovich,15,331
grisha9,15,332
Exlt8,15,333
danolivo,15,334
easy_john,15,335
kosyakus,15,336
Pumppeedd,15,337
Faux_x_x,15,338
celen,15,339
Dhwtj,14,340
CTSG,14,341
heim-dallr,14,342
Eco_coder,14,343
mahairod,14,344
la__vita__felice,14,345
sad__sabrina,14,346
lordtao,13,347
AlexandreFrolov,13,348
gorl,13,349
BincomAD,13,350
rakhanau,13,351
ha7y,13,352
antonsobolev,13,353
strannik96,13,354
dudukalo,13,355
alexbik,13,356
DukeArchitect,13,357
ochkanov,13,358
IrinaInina,13,359
Neurosonya,13,360
DigitalPsychiatry,12,361
OlgaDS,12,362
SovcomTech,12,363
sphinks,12,364
Dmitrii_DAK,12,365
ldanmer,12,366
ALT0105,12,367
Emelian,12,368
kostos,11,369
ssshhhuuurrr,11,370
ePGfree,11,371
Vladimir_Rapava,11,372
Sergey_Perevozchikov,11,373
DbLogs,11,374
samako,11,375
polym0rph,11,376
glider_skobb,11,377
alina_kiz,11,378
RockyMotion,11,379
Lastman,11,380
intekey_ceo,11,381
ko22009,10,382
Neraverin,10,383
DVZakusilo,10,384
AleksandraUvarova,10,385
Anastasiya_Shurkaeva,10,386
ysirotenko,10,387
HappyTalkie,10,388
Maslennikovig,10,389
avetissian,10,390
academicmaslow,10,391
Sertaran,10,392
discoverer-official,10,393
MTorn,10,394
DevRoad,10,395
eavprog,10,396
gliderman,10,397
projectgeek,10,398
pilot_artem,10,399
kapas19,10,400
Systems_Engineer,9,401
aymericzip,9,402
DIMOSUS,9,403
Stepan_Burmistrov,9,404
ProgerXP,9,405
makurea,9,406
MuonKvark,9,407
Kesha_S,9,408
kfedorov,9,409
maksimov_m,9,410
leshoi,9,411
linabesson,9,412
rapiq,9,413
WolfffR,9,414
Rutboy,8,415
obscuratrace34,8,416
zvezdochiot,8,417
Affdey,8,418
nons,8,419
dm_ptmkn,8,420
AI_Foxmaster,8,421
jidckii,8,422
Adler3D,8,423
Cordekk,8,424
ProgerMan,8,425
free_kedr,8,426
asomegoodboy,8,427
youscriptor,8,428
Big_person,8,429
kbones,8,430
Mirantus,8,431
AppCrafter,8,432
ecurep,7,433
motrni,7,434
GoldSerg,7,435
annazaria,7,436
vozov,7,437
ENGIN33RRR,7,438
Johnny_Depp,7,439
root85,7,440
AlexPershin,7,441
ownhrd,7,442
Ekaterina_Popova,7,443
mikhailsudakov,7,444
net0pyr,7,445
Digit-march,7,446
GeorgyKurakin,7,447
dombran,7,448
amirul,7,449
4everScience,7,450
akazant,7,451
vkni,7,452
ArtemVarkulevich,7,453
lis355,7,454
Jorixxx,7,455
avtopolet,7,456
naumtsevalex,7,457
RSATom,7,458
Laborant_Code,6,459
ite,6,460
GenkaOk,6,461
bashkirtsevich,6,462
Product_Analyst,6,463
epavlovich29,6,464
Ninako,6,465
nejava,6,466
ShapitoS999,6,467
Coderr,6,468
Technokisa,6,469
kracko23,6,470
Sergey1Lokhanov,6,471
MidavNibush,6,472
bull1251,6,473
wmlab,6,474
ZvoogHub,6,475
BaryshevRS,6,476
borush,6,477
MKreGGo,6,478
echo0x00,6,479
imperituroard,6,480
nossao,6,481
Cartmendum,6,482
rRenegat,6,483
yanzar,6,484
kreosan,6,485
EvgenyZinovyev,5,486
kaichou,5,487
mmmc,5,488
N3VERZzz,5,489
kulhaker478,5,490
Vitaly1024,5,491
Alexey_Begin,5,492
Mitochondria,5,493
adlayers,5,494
Tuturutuw,5,495
Sank0k69,5,496
Danil_ka88,5,497
A_Gryatskikh,5,498
sergey2212,5,499
aipanda_ceo,5,500
FlashBurn,5,501
vitalyswipe,5,502
jamm1985,5,503
Gansterito,5,504
AkinshinaA,5,505
unlimgroup,5,506
rb_astana,5,507
Dalee_group,5,508
WarAngel_alk,5,509
pgkirich,5,510
FeLkan,5,511
Sabbah,5,512
victor_shev89,5,513
Data_Lab,5,514
tri_tuza_v_karmane,5,515
sgordey,5,516
G0rDi,5,517
toly,5,518
gen1lee,5,519
Analyst_Marathon,5,520
Alena_Les,5,521
MrEx3cut0r,5,522
anovichkov,4,523
makaroni4,4,524
Vladislav_Podobed,4,525
Ata_Akhunzhanov,4,526
Indigos38,4,527
i_am_chasing_the_clouds,4,528
sinist3r,4,529
Red_Atom,4,530
ekatarios,4,531
lipskiy,4,532
Alex-sulimov,4,533
Daynine,4,534
tgx,4,535
a43mx,4,536
Tenqz,4,537
evilUnion,4,538
Dzhagaev,4,539
Devenir-Glorieux,4,540
DTGP,4,541
Mikhail_Khludnev,4,542
GFIce,4,543
Spetros,4,544
IgorSh63,4,545
lunnemone,4,546
gmikhail94,4,547
bestfriend,4,548
SergioHelloWorld,4,549
Drew003,4,550
pink0D,4,551
geoandreev,4,552
demitryy,4,553
zarazaexe,4,554
Atxmega,4,555
Viktoria_Rein,4,556
salium,4,557
Mixail_Soluyanov,4,558
kcalgo,4,559
misterzsm,4,560
tarzan82,4,561
livingry,4,562
danil_12345,3,563
ReaM,3,564
kruglikle,3,565
Prakopyeva,3,566
Alex_in_python,3,567
okoloboga,3,568
VadimLjovkin,3,569
opensophy,3,570
Hoorsh,3,571
vlfedotov,3,572
parusimore,3,573
Niuh,3,574
eevg,3,575
Kudinoff_as,3,576
Phoenix133,3,577
Niyaz22,3,578
ArturGukasov,3,579
Architect_01,3,580
setaniel,3,581
gennadybanin,3,582
MINDINMAP,3,583
adil21,3,584
anastasia_galina,3,585
dmiche,3,586
Daria-dd,3,587
3sSTheWriter,3,588
MKMatriX,3,589
orefkov,3,590
multifinger,3,591
rusinvest,3,592
youngWishes,3,593
Fintank-ru,3,594
GodAdministrator,3,595
alex7six,3,596
mesh_up,3,597
AnLushch,3,598
ClockEnable,3,599
AntonPudikov,3,600
DSDenisov,3,601
ideavi,3,602
davidaganov,3,603
m_bessarab,3,604
Artem_Lykov,3,605
Ydav359,3,606
Yellastro2,3,607
Vensus,3,608
Vlad_pan,3,609
Montirey,3,610
yanabellka,3,611
remindscope,3,612
chelovekkakvse,3,613
Diana_shigaeva,3,614
leleleonid,3,615
REPLAY_5,3,616
SergoSht,3,617
asiventsev,3,618
CreatorLAB,3,619
vodimitriy,3,620
GIGAIDECommunity,3,621
lapinsa42,3,622
dfreev,3,623
anton_dolganin,3,624
Lshnls,3,625
Arduinum,3,626
developer_22,3,627
dikobra4,3,628
Shortki,3,629
s_astapov,3,630
datahub,2,631
timeweb_game,2,632
DepthSight,2,633
lagudal,2,634
SergeyFirst,2,635
DejmosSm,2,636
akozhin,2,637
sulqadari,2,638
Andrei_Barintcev,2,639
Tmark,2,640
neevin,2,641
foxsoft2005,2,642
Tat_Geltek290,2,643
Ivan_Yakovlev_G,2,644
tuzhms,2,645
Anafema,2,646
Ivanich-spb,2,647
MishIvan,2,648
Iluy,2,649
crims0n_ru,2,650
Fcore,2,651
kalinnikov,2,652
Akudlay_ru,2,653
krylosov-aa,2,654
jobi8,2,655
lidia_zakharova,2,656
VedgeKonn,2,657
kirya522,2,658
Ekaterina_Z93,2,659
sabinasim,2,660
saippuakauppias,2,661
Terrapard,2,662
Ekaterina-ya,2,663
Yulia_Kulkova,2,664
hackcareer,2,665
makushevski,2,666
ppc_na_divane,2,667
SKaminskij,2,668
Reistline,2,669
anotherMelnikov,2,670
Yason_DA,2,671
apbolshakova,2,672
olegka_medovikov,2,673
inradezka,2,674
sudondie,2,675
kazanchevaja,2,676
dufrein2013,2,677
r00taccess,2,678
EmurashinDanil,2,679
MI1CTEP,2,680
redlse,2,681
Yasha_Finkelberg,2,682
godlikebasic,2,683
Berektassuly,2,684
CodWiz,2,685
in6lack,2,686
maximvasilievmaxim,2,687
MDyuzhev,2,688
denoiselab,2,689
legrus,2,690
markowskii,2,691
vagamagajaga,2,692
sciu,2,693
ractangle,2,694
Extender777,2,695
science_boy,2,696
XMAKE,2,697
DanLin,2,698
Snaret,2,699
anselvo,2,700
pravosleva,2,701
Kishuomi,2,702
nicolausYes,2,703
AlexMatveev,2,704
Pe3oHaHc,2,705
StShadow,2,706
stasvetokhin,1,707
Vzhik,1,708
nastasya,1,709
sergres,1,710
Ak_Koks,1,711
mukhanovp,1,712
AkhIgor,1,713
cat-begemot,1,714
sansan57,1,715
DimPal,1,716
daytriftnewgen,1,717
biscup,1,718
Dyadya_Vasya0,1,719
NiceBeaver,1,720
sir-off,1,721
yaPetrovich,1,722
1eon,1,723
Fpuzix,1,724
MSmusic9,1,725
Anasstasiys,1,726
Yurbaner,1,727
mozzalerra,1,728
kliment_ceo,1,729
JackKatch,1,730
Mishochegg,1,731
Gene5320,1,732
Stochastic_Oracle01,1,733
morzhabyss,1,734
MalblshProgrammist,1,735
DiamondArtem,1,736
myshkin_does_it,1,737
Leonardoo,1,738
neomasterx,1,739
TheTremblingDoe,1,740
kirball,1,741
EvgMich,1,742
peta0982,1,743
gesserwy,1,744
pel_mrk,1,745
vdudouyt,1,746
ushanov90,1,747
AnnLuciole,1,748
Alrighty,1,749
hr_truck,1,750
Daniil_Gusev,1,751
dmitriy_simakov,1,752
supremum76,1,753
EvgMat,1,754
salannl,1,755
nicelight_nsk,1,756
Am0k-HABR,1,757
globin_write,1,758
expexperience,1,759
mickommic,1,760
VZubkov,1,761
almageir,1,762
crh,1,763
zachfadeev,1,764
nikitadizer,1,765
VolkovsaVSA,1,766
Alexless,1,767
d_bulashev,1,768
Grishandin,1,769
shadowphoenix,1,770
MainNika,1,771
HeHya4o,1,772
Sergik776,1,773
StelmakhDigital,1,774
Maria_Olozabal,1,775
Vladimir-93,1,776
Dmitry_Isanin,1,777
aleontyev,1,778
Professor_Nimnul,1,779
goduni,1,780
Ximmby,1,781
Nasloy,1,782
rstrekalovsky,1,783
Antipozitive,1,784
AlexLask,1,785
stnslvtrfnv,1,786
maslievilya1,1,787
Karmaweb,1,788
rpc1,1,789
deliri,1,790
vitaliytomko,1,791
KlaudV,1,792
it-infinite,1,793
Puzer,1,794
NKBogdanov,1,795
andrey_data_arch,1,796
MarinaArut,1,797
alexandernikitin,1,798
AcronyMoM,1,799
AndrewPeuny,1,800
czkwski,1,801
Jaldsky,1,802
zh_abduhalilov,1,803
StuPenguin,1,804
garfik,1,805
Reptiling,1,806
Bot_Pany,1,807
Akon32,1,808
dportnov75,1,809
f10rdy,1,810
alingrishko,1,811
DragonFire,1,812
MAT-POC,1,813
pol-metra1,1,814
DimaDimbo,1,815
knikonov,1,816
dtkdtk,1,817
Bifurcated,1,818
dronnix,1,819
Rumdjrum,1,820
balayur,1,821
IndieDap,1,822
garbuzenko,1,823
Sm1GhT,1,824
master-denn,1,825
dreammaster19,1,826
Diana_Geltek1,1,827
ph0quuee,1,828
VladXOfficial,1,829
AdyEvteev,1,830
risc32,1,831
jsirex,1,832
PrincePercia,1,833
Egstein,1,834
WhatIsGTO,1,835
Anrol,1,836
sevocrear,1,837
sergei_ai,1,838
DenisKalyshkin,1,839
EDUtechie,1,840
a_rocky,1,841
Luca324,1,842
Dmitriila,1,843
gresserg,1,844
hauptling,1,845
MaGIc2laNTern,0,846
itinvest,0,847
JustRamil,0,848
denonlink,0,849
Rumlin,0,850
lany,0,851
koshak,0,852
Pandos,0,853
andorro,0,854
ushim,0,855
Devix,0,856
FilegiverCom,0,857
ilya42,0,858
Reeze,0,859
